INSERT INTO users (username, email, password, gender, age, height, weight, is_active, total_workouts, total_minutes, total_calories, score)
VALUES
    ('user1', 'user1@example.com', 'password1', 'Male', 25, 175.5, 70.2, TRUE, 5, 300, 1500, 100),
    ('user2', 'user2@example.com', 'password2', 'Female', 30, 165.0, 55.5, TRUE, 3, 180, 900, 80),
    ('user3', 'user3@example.com', 'password3', 'Male', 28, 180.0, 80.0, TRUE, 10, 600, 3000, 200),
    ('user4', 'user4@example.com', 'password4', 'Female', 22, 160.5, 52.3, TRUE, 2, 120, 600, 50),
    ('user5', 'user5@example.com', 'password5', 'Male', 35, 178.0, 85.5, FALSE, 1, 60, 300, 30),
    ('user6', 'user6@example.com', 'password6', 'Female', 27, 168.5, 58.7, TRUE, 8, 480, 2400, 160),
    ('user7', 'user7@example.com', 'password7', 'Male', 40, 182.0, 90.0, TRUE, 15, 900, 4500, 300),
    ('user8', 'user8@example.com', 'password8', 'Female', 33, 162.0, 54.2, TRUE, 4, 240, 1200, 90),
    ('user9', 'user9@example.com', 'password9', 'Male', 29, 176.5, 73.4, FALSE, 0, 0, 0, 0),
    ('user10', 'user10@example.com', 'password10', 'Female', 24, 167.0, 56.8, TRUE, 6, 360, 1800, 120);

INSERT INTO training_records (user_id, start_time, end_time, activity_type, duration_minutes, is_completed, record_type, reminder_time, distance, calories, average_heart_rate, max_heart_rate, minute_heart_rates)
VALUES
-- 用户1（20条）
(1, '2025-01-01 07:30:00', '2025-01-01 08:30:00', 'Running', 60, true, 'record', '2025-01-01 07:20:00', 6.0, 350, 132, 162, '{"1": 122, "2": 124, "3": 126}'),
(1, '2025-01-02 09:30:00', '2025-01-02 11:00:00', 'Cycling', 90, true, 'record', '2025-01-02 09:20:00', 25.0, 600, 128, 158, '{"1": 115, "2": 117, "3": 120}'),
(1, '2025-01-03 15:00:00', '2025-01-03 15:30:00', 'Swimming', 30, true, 'record', '2025-01-03 14:50:00', 1.2, 180, 112, 132, '{"1": 102, "2": 104, "3": 106}'),
(1, '2025-01-04 17:00:00', '2025-01-04 18:00:00', 'Yoga', 60, true, 'record', '2025-01-04 16:50:00', NULL, 110, 82, 102, '{"1": 78, "2": 80, "3": 82}'),
(1, '2025-01-05 10:00:00', '2025-01-05 11:00:00', 'Strength Training', 60, true, 'record', '2025-01-05 09:50:00', NULL, 210, 113, 143, '{"1": 108, "2": 110, "3": 112}'),
(1, '2025-01-06 08:30:00', '2025-01-06 10:00:00', 'Running', 90, true, 'record', '2025-01-06 08:20:00', 7.5, 400, 138, 168, '{"1": 125, "2": 127, "3": 130}'),
(1, '2025-01-07 14:00:00', '2025-01-07 15:00:00', 'Cycling', 60, true, 'record', '2025-01-07 13:50:00', 18.0, 420, 123, 153, '{"1": 110, "2": 112, "3": 115}'),
(1, '2025-01-08 16:30:00', '2025-01-08 17:15:00', 'Swimming', 45, true, 'record', '2025-01-08 16:20:00', 1.6, 210, 118, 138, '{"1": 105, "2": 107, "3": 110}'),
(1, '2025-01-09 19:00:00', '2025-01-09 20:00:00', 'Yoga', 60, true, 'record', '2025-01-09 18:50:00', NULL, 135, 88, 108, '{"1": 83, "2": 85, "3": 88}'),
(1, '2025-01-10 10:30:00', '2025-01-10 11:30:00', 'Strength Training', 60, true, 'record', '2025-01-10 10:20:00', NULL, 230, 118, 148, '{"1": 112, "2": 114, "3": 116}'),
(1, '2025-01-11 07:30:00', '2025-01-11 08:30:00', 'Running', 60, true, 'record', '2025-01-11 07:20:00', 5.8, 340, 130, 160, '{"1": 120, "2": 122, "3": 125}'),
(1, '2025-01-12 09:00:00', '2025-01-12 10:30:00', 'Cycling', 90, true, 'record', '2025-01-12 08:50:00', 24.0, 580, 126, 156, '{"1": 113, "2": 115, "3": 118}'),
(1, '2025-01-13 14:00:00', '2025-01-13 14:45:00', 'Swimming', 45, true, 'record', '2025-01-13 13:50:00', 1.4, 190, 114, 134, '{"1": 104, "2": 106, "3": 108}'),
(1, '2025-01-14 16:00:00', '2025-01-14 17:00:00', 'Yoga', 60, true, 'record', '2025-01-14 15:50:00', NULL, 120, 85, 105, '{"1": 80, "2": 82, "3": 84}'),
(1, '2025-01-15 10:00:00', '2025-01-15 11:00:00', 'Strength Training', 60, true, 'record', '2025-01-15 09:50:00', NULL, 220, 115, 145, '{"1": 110, "2": 112, "3": 114}'),
(1, '2025-01-16 08:00:00', '2025-01-16 09:30:00', 'Running', 90, true, 'record', '2025-01-16 07:50:00', 7.2, 390, 136, 166, '{"1": 123, "2": 125, "3": 128}'),
(1, '2025-01-17 13:00:00', '2025-01-17 14:00:00', 'Cycling', 60, true, 'record', '2025-01-17 12:50:00', 17.5, 410, 122, 152, '{"1": 109, "2": 111, "3": 114}'),
(1, '2025-01-18 15:30:00', '2025-01-18 16:15:00', 'Swimming', 45, true, 'record', '2025-01-18 15:20:00', 1.5, 200, 116, 136, '{"1": 106, "2": 108, "3": 110}'),
(1, '2025-01-19 18:00:00', '2025-01-19 19:00:00', 'Yoga', 60, true, 'record', '2025-01-19 17:50:00', NULL, 130, 87, 107, '{"1": 82, "2": 84, "3": 86}'),
(1, '2025-01-20 09:30:00', '2025-01-20 10:30:00', 'Strength Training', 60, true, 'record', '2025-01-20 09:20:00', NULL, 240, 120, 150, '{"1": 114, "2": 116, "3": 118}'),

-- 用户2（20条）
(2, '2025-01-01 09:00:00', '2025-01-01 10:30:00', 'Cycling', 90, true, 'record', '2025-01-01 08:50:00', 22.0, 550, 133, 163, '{"1": 118, "2": 120, "3": 123}'),
(2, '2025-01-02 14:00:00', '2025-01-02 14:30:00', 'Swimming', 30, true, 'record', '2025-01-02 13:50:00', 1.0, 160, 110, 130, '{"1": 100, "2": 102, "3": 105}'),
(2, '2025-01-03 17:00:00', '2025-01-03 18:00:00', 'Yoga', 60, true, 'record', '2025-01-03 16:50:00', NULL, 120, 85, 105, '{"1": 80, "2": 82, "3": 85}'),
(2, '2025-01-04 10:00:00', '2025-01-04 11:00:00', 'Strength Training', 60, true, 'record', '2025-01-04 09:50:00', NULL, 240, 122, 152, '{"1": 115, "2": 117, "3": 120}'),
(2, '2025-01-05 15:00:00', '2025-01-05 16:30:00', 'Running', 90, true, 'record', '2025-01-05 14:50:00', 8.5, 450, 140, 170, '{"1": 128, "2": 130, "3": 133}'),
(2, '2025-01-06 11:00:00', '2025-01-06 12:00:00', 'Cycling', 60, true, 'record', '2025-01-06 10:50:00', 19.0, 480, 130, 160, '{"1": 117, "2": 119, "3": 122}'),
(2, '2025-01-07 18:00:00', '2025-01-07 18:45:00', 'Swimming', 45, true, 'record', '2025-01-07 17:50:00', 1.7, 230, 120, 140, '{"1": 108, "2": 110, "3": 113}'),
(2, '2025-01-08 08:30:00', '2025-01-08 09:30:00', 'Yoga', 60, true, 'record', '2025-01-08 08:20:00', NULL, 140, 90, 110, '{"1": 88, "2": 90, "3": 92}'),
(2, '2025-01-09 14:00:00', '2025-01-09 15:00:00', 'Strength Training', 60, true, 'record', '2025-01-09 13:50:00', NULL, 250, 125, 155, '{"1": 118, "2": 120, "3": 123}'),
(2, '2025-01-10 16:30:00', '2025-01-10 18:00:00', 'Running', 90, true, 'record', '2025-01-10 16:20:00', 9.0, 500, 145, 175, '{"1": 130, "2": 132, "3": 135}'),
(2, '2025-01-11 09:00:00', '2025-01-11 10:00:00', 'Cycling', 60, true, 'record', '2025-01-11 08:50:00', 18.5, 460, 128, 158, '{"1": 115, "2": 117, "3": 120}'),
(2, '2025-01-12 14:30:00', '2025-01-12 15:15:00', 'Swimming', 45, true, 'record', '2025-01-12 14:20:00', 1.5, 200, 115, 135, '{"1": 105, "2": 107, "3": 110}'),
(2, '2025-01-13 17:00:00', '2025-01-13 18:00:00', 'Yoga', 60, true, 'record', '2025-01-13 16:50:00', NULL, 130, 87, 107, '{"1": 82, "2": 84, "3": 86}'),
(2, '2025-01-14 10:30:00', '2025-01-14 11:30:00', 'Strength Training', 60, true, 'record', '2025-01-14 10:20:00', NULL, 230, 120, 150, '{"1": 114, "2": 116, "3": 118}'),
(2, '2025-01-15 15:30:00', '2025-01-15 17:00:00', 'Running', 90, true, 'record', '2025-01-15 15:20:00', 8.8, 480, 142, 172, '{"1": 128, "2": 130, "3": 133}'),
(2, '2025-01-16 08:00:00', '2025-01-16 09:30:00', 'Cycling', 90, true, 'record', '2025-01-16 07:50:00', 23.0, 570, 132, 162, '{"1": 118, "2": 120, "3": 123}'),
(2, '2025-01-17 13:00:00', '2025-01-17 13:30:00', 'Swimming', 30, true, 'record', '2025-01-17 12:50:00', 1.1, 170, 112, 132, '{"1": 102, "2": 104, "3": 106}'),
(2, '2025-01-18 16:00:00', '2025-01-18 17:00:00', 'Yoga', 60, true, 'record', '2025-01-18 15:50:00', NULL, 125, 86, 106, '{"1": 81, "2": 83, "3": 85}'),
(2, '2025-01-19 10:00:00', '2025-01-19 11:00:00', 'Strength Training', 60, true, 'record', '2025-01-19 09:50:00', NULL, 240, 122, 152, '{"1": 115, "2": 117, "3": 120}'),
(2, '2025-01-20 14:00:00', '2025-01-20 15:30:00', 'Running', 90, true, 'record', '2025-01-20 13:50:00', 9.2, 510, 146, 176, '{"1": 131, "2": 133, "3": 136}'),

-- 用户3（20条）
(3, '2025-01-01 14:00:00', '2025-01-01 15:00:00', 'Strength Training', 60, true, 'record', '2025-01-01 13:50:00', NULL, 220, 117, 147, '{"1": 110, "2": 112, "3": 115}'),
(3, '2025-01-02 08:30:00', '2025-01-02 10:00:00', 'Running', 90, true, 'record', '2025-01-02 08:20:00', 7.0, 380, 135, 165, '{"1": 123, "2": 125, "3": 128}'),
(3, '2025-01-03 11:00:00', '2025-01-03 12:30:00', 'Cycling', 90, true, 'record', '2025-01-03 10:50:00', 21.0, 520, 125, 155, '{"1": 113, "2": 115, "3": 118}'),
(3, '2025-01-04 16:00:00', '2025-01-04 16:30:00', 'Swimming', 30, true, 'record', '2025-01-04 15:50:00', 0.8, 140, 108, 128, '{"1": 98, "2": 100, "3": 103}'),
(3, '2025-01-05 19:00:00', '2025-01-05 20:00:00', 'Yoga', 60, true, 'record', '2025-01-05 18:50:00', NULL, 115, 83, 103, '{"1": 78, "2": 80, "3": 82}'),
(3, '2025-01-06 10:00:00', '2025-01-06 11:00:00', 'Strength Training', 60, true, 'record', '2025-01-06 09:50:00', NULL, 215, 115, 145, '{"1": 108, "2": 110, "3": 112}'),
(3, '2025-01-07 15:30:00', '2025-01-07 17:00:00', 'Running', 90, true, 'record', '2025-01-07 15:20:00', 8.0, 420, 138, 168, '{"1": 125, "2": 127, "3": 130}'),
(3, '2025-01-08 12:00:00', '2025-01-08 13:00:00', 'Cycling', 60, true, 'record', '2025-01-08 11:50:00', 17.0, 400, 120, 150, '{"1": 110, "2": 112, "3": 115}'),
(3, '2025-01-09 17:30:00', '2025-01-09 18:15:00', 'Swimming', 45, true, 'record', '2025-01-09 17:20:00', 1.5, 200, 115, 135, '{"1": 105, "2": 107, "3": 110}'),
(3, '2025-01-10 19:00:00', '2025-01-10 20:00:00', 'Yoga', 60, true, 'record', '2025-01-10 18:50:00', NULL, 125, 88, 108, '{"1": 85, "2": 87, "3": 90}'),
(3, '2025-01-11 09:30:00', '2025-01-11 10:30:00', 'Strength Training', 60, true, 'record', '2025-01-11 09:20:00', NULL, 225, 118, 148, '{"1": 112, "2": 114, "3": 116}'),
(3, '2025-01-12 14:00:00', '2025-01-12 15:30:00', 'Running', 90, true, 'record', '2025-01-12 13:50:00', 7.8, 410, 137, 167, '{"1": 124, "2": 126, "3": 129}'),
(3, '2025-01-13 16:00:00', '2025-01-13 17:00:00', 'Cycling', 60, true, 'record', '2025-01-13 15:50:00', 18.2, 430, 123, 153, '{"1": 110, "2": 112, "3": 115}'),
(3, '2025-01-14 18:00:00', '2025-01-14 18:45:00', 'Swimming', 45, true, 'record', '2025-01-14 17:50:00', 1.3, 190, 113, 133, '{"1": 103, "2": 105, "3": 108}'),
(3, '2025-01-15 10:00:00', '2025-01-15 11:00:00', 'Yoga', 60, true, 'record', '2025-01-15 09:50:00', NULL, 120, 86, 106, '{"1": 81, "2": 83, "3": 85}'),
(3, '2025-01-16 13:00:00', '2025-01-16 14:00:00', 'Strength Training', 60, true, 'record', '2025-01-16 12:50:00', NULL, 230, 119, 149, '{"1": 113, "2": 115, "3": 117}'),
(3, '2025-01-17 08:00:00', '2025-01-17 09:30:00', 'Running', 90, true, 'record', '2025-01-17 07:50:00', 7.5, 400, 136, 166, '{"1": 123, "2": 125, "3": 128}'),
(3, '2025-01-18 11:00:00', '2025-01-18 12:30:00', 'Cycling', 90, true, 'record', '2025-01-18 10:50:00', 22.0, 540, 127, 157, '{"1": 114, "2": 116, "3": 119}'),
(3, '2025-01-19 15:00:00', '2025-01-19 15:30:00', 'Swimming', 30, true, 'record', '2025-01-19 14:50:00', 0.9, 150, 109, 129, '{"1": 99, "2": 101, "3": 104}'),
(3, '2025-01-20 17:00:00', '2025-01-20 18:00:00', 'Yoga', 60, true, 'record', '2025-01-20 16:50:00', NULL, 130, 89, 109, '{"1": 84, "2": 86, "3": 88}'),

-- 用户4（20条）
(4, '2025-01-01 08:00:00', '2025-01-01 09:00:00', 'Running', 60, true, 'record', '2025-01-01 07:50:00', 5.5, 320, 130, 160, '{"1": 120, "2": 122, "3": 125}'),
(4, '2025-01-02 10:00:00', '2025-01-02 11:30:00', 'Cycling', 90, true, 'record', '2025-01-02 09:50:00', 20.0, 500, 125, 155, '{"1": 112, "2": 114, "3": 117}'),
(4, '2025-01-03 14:00:00', '2025-01-03 14:30:00', 'Swimming', 30, true, 'record', '2025-01-03 13:50:00', 0.9, 140, 108, 128, '{"1": 98, "2": 100, "3": 103}'),
(4, '2025-01-04 16:00:00', '2025-01-04 17:00:00', 'Yoga', 60, true, 'record', '2025-01-04 15:50:00', NULL, 110, 83, 103, '{"1": 78, "2": 80, "3": 82}'),
(4, '2025-01-05 09:00:00', '2025-01-05 10:00:00', 'Strength Training', 60, true, 'record', '2025-01-05 08:50:00', NULL, 200, 112, 142, '{"1": 107, "2": 109, "3": 111}'),
(4, '2025-01-06 13:00:00', '2025-01-06 14:30:00', 'Running', 90, true, 'record', '2025-01-06 12:50:00', 7.0, 380, 135, 165, '{"1": 123, "2": 125, "3": 128}'),
(4, '2025-01-07 15:00:00', '2025-01-07 16:00:00', 'Cycling', 60, true, 'record', '2025-01-07 14:50:00', 16.0, 380, 120, 150, '{"1": 108, "2": 110, "3": 113}'),
(4, '2025-01-08 17:00:00', '2025-01-08 17:45:00', 'Swimming', 45, true, 'record', '2025-01-08 16:50:00', 1.3, 190, 113, 133, '{"1": 103, "2": 105, "3": 108}'),
(4, '2025-01-09 19:00:00', '2025-01-09 20:00:00', 'Yoga', 60, true, 'record', '2025-01-09 18:50:00', NULL, 120, 85, 105, '{"1": 80, "2": 82, "3": 84}'),
(4, '2025-01-10 10:00:00', '2025-01-10 11:00:00', 'Strength Training', 60, true, 'record', '2025-01-10 09:50:00', NULL, 210, 114, 144, '{"1": 108, "2": 110, "3": 112}'),
(4, '2025-01-11 08:30:00', '2025-01-11 09:30:00', 'Running', 60, true, 'record', '2025-01-11 08:20:00', 5.7, 330, 131, 161, '{"1": 121, "2": 123, "3": 126}'),
(4, '2025-01-12 11:00:00', '2025-01-12 12:30:00', 'Cycling', 90, true, 'record', '2025-01-12 10:50:00', 21.0, 520, 126, 156, '{"1": 113, "2": 115, "3": 118}'),
(4, '2025-01-13 14:30:00', '2025-01-13 15:00:00', 'Swimming', 30, true, 'record', '2025-01-13 14:20:00', 1.0, 150, 110, 130, '{"1": 100, "2": 102, "3": 105}'),
(4, '2025-01-14 16:30:00', '2025-01-14 17:30:00', 'Yoga', 60, true, 'record', '2025-01-14 16:20:00', NULL, 115, 84, 104, '{"1": 79, "2": 81, "3": 83}'),
(4, '2025-01-15 09:30:00', '2025-01-15 10:30:00', 'Strength Training', 60, true, 'record', '2025-01-15 09:20:00', NULL, 220, 116, 146, '{"1": 110, "2": 112, "3": 114}'),
(4, '2025-01-16 13:30:00', '2025-01-16 15:00:00', 'Running', 90, true, 'record', '2025-01-16 13:20:00', 7.2, 390, 136, 166, '{"1": 124, "2": 126, "3": 129}'),
(4, '2025-01-17 15:30:00', '2025-01-17 16:30:00', 'Cycling', 60, true, 'record', '2025-01-17 15:20:00', 17.0, 400, 122, 152, '{"1": 109, "2": 111, "3": 114}'),
(4, '2025-01-18 18:00:00', '2025-01-18 18:45:00', 'Swimming', 45, true, 'record', '2025-01-18 17:50:00', 1.4, 200, 114, 134, '{"1": 104, "2": 106, "3": 109}'),
(4, '2025-01-19 10:00:00', '2025-01-19 11:00:00', 'Yoga', 60, true, 'record', '2025-01-19 09:50:00', NULL, 125, 86, 106, '{"1": 81, "2": 83, "3": 85}'),
(4, '2025-01-20 14:00:00', '2025-01-20 15:00:00', 'Strength Training', 60, true, 'record', '2025-01-20 13:50:00', NULL, 230, 118, 148, '{"1": 112, "2": 114, "3": 116}'),

-- 用户5（20条）
(5, '2025-01-01 07:00:00', '2025-01-01 08:00:00', 'Running', 60, true, 'record', '2025-01-01 06:50:00', 5.0, 300, 128, 158, '{"1": 118, "2": 120, "3": 123}'),
(5, '2025-01-02 09:00:00', '2025-01-02 10:30:00', 'Cycling', 90, true, 'record', '2025-01-02 08:50:00', 18.0, 450, 123, 153, '{"1": 110, "2": 112, "3": 115}'),
(5, '2025-01-03 13:00:00', '2025-01-03 13:30:00', 'Swimming', 30, true, 'record', '2025-01-03 12:50:00', 0.7, 120, 105, 125, '{"1": 95, "2": 97, "3": 100}'),
(5, '2025-01-04 15:00:00', '2025-01-04 16:00:00', 'Yoga', 60, true, 'record', '2025-01-04 14:50:00', NULL, 100, 80, 100, '{"1": 75, "2": 77, "3": 79}'),
(5, '2025-01-05 10:00:00', '2025-01-05 11:00:00', 'Strength Training', 60, true, 'record', '2025-01-05 09:50:00', NULL, 190, 110, 140, '{"1": 105, "2": 107, "3": 109}'),
(5, '2025-01-06 14:00:00', '2025-01-06 15:30:00', 'Running', 90, true, 'record', '2025-01-06 13:50:00', 6.5, 360, 133, 163, '{"1": 121, "2": 123, "3": 126}'),
(5, '2025-01-07 16:00:00', '2025-01-07 17:00:00', 'Cycling', 60, true, 'record', '2025-01-07 15:50:00', 15.0, 360, 118, 148, '{"1": 106, "2": 108, "3": 111}'),
(5, '2025-01-08 18:00:00', '2025-01-08 18:45:00', 'Swimming', 45, true, 'record', '2025-01-08 17:50:00', 1.2, 180, 111, 131, '{"1": 101, "2": 103, "3": 106}'),
(5, '2025-01-09 08:00:00', '2025-01-09 09:00:00', 'Yoga', 60, true, 'record', '2025-01-09 07:50:00', NULL, 110, 82, 102, '{"1": 77, "2": 79, "3": 81}'),
(5, '2025-01-10 11:00:00', '2025-01-10 12:00:00', 'Strength Training', 60, true, 'record', '2025-01-10 10:50:00', NULL, 200, 112, 142, '{"1": 107, "2": 109, "3": 111}'),
(5, '2025-01-11 13:00:00', '2025-01-11 14:00:00', 'Running', 60, true, 'record', '2025-01-11 12:50:00', 5.2, 310, 129, 159, '{"1": 119, "2": 121, "3": 124}'),
(5, '2025-01-12 15:00:00', '2025-01-12 16:30:00', 'Cycling', 90, true, 'record', '2025-01-12 14:50:00', 19.0, 470, 124, 154, '{"1": 111, "2": 113, "3": 116}'),
(5, '2025-01-13 17:00:00', '2025-01-13 17:30:00', 'Swimming', 30, true, 'record', '2025-01-13 16:50:00', 0.8, 130, 107, 127, '{"1": 97, "2": 99, "3": 102}'),
(5, '2025-01-14 09:00:00', '2025-01-14 10:00:00', 'Yoga', 60, true, 'record', '2025-01-14 08:50:00', NULL, 105, 81, 101, '{"1": 76, "2": 78, "3": 80}'),
(5, '2025-01-15 11:30:00', '2025-01-15 12:30:00', 'Strength Training', 60, true, 'record', '2025-01-15 11:20:00', NULL, 210, 114, 144, '{"1": 108, "2": 110, "3": 112}'),
(5, '2025-01-16 14:30:00', '2025-01-16 16:00:00', 'Running', 90, true, 'record', '2025-01-16 14:20:00', 6.8, 370, 134, 164, '{"1": 122, "2": 124, "3": 127}'),
(5, '2025-01-17 16:30:00', '2025-01-17 17:30:00', 'Cycling', 60, true, 'record', '2025-01-17 16:20:00', 16.0, 380, 120, 150, '{"1": 108, "2": 110, "3": 113}'),
(5, '2025-01-18 08:30:00', '2025-01-18 09:15:00', 'Swimming', 45, true, 'record', '2025-01-18 08:20:00', 1.1, 170, 110, 130, '{"1": 100, "2": 102, "3": 105}'),
(5, '2025-01-19 10:30:00', '2025-01-19 11:30:00', 'Yoga', 60, true, 'record', '2025-01-19 10:20:00', NULL, 115, 83, 103, '{"1": 78, "2": 80, "3": 82}'),
(5, '2025-01-20 13:30:00', '2025-01-20 14:30:00', 'Strength Training', 60, true, 'record', '2025-01-20 13:20:00', NULL, 220, 116, 146, '{"1": 110, "2": 112, "3": 114}'),

-- 用户6（20条）
(6, '2025-01-01 08:30:00', '2025-01-01 09:30:00', 'Running', 60, true, 'record', '2025-01-01 08:20:00', 5.8, 340, 131, 161, '{"1": 121, "2": 123, "3": 126}'),
(6, '2025-01-02 10:30:00', '2025-01-02 12:00:00', 'Cycling', 90, true, 'record', '2025-01-02 10:20:00', 21.0, 520, 126, 156, '{"1": 113, "2": 115, "3": 118}'),
(6, '2025-01-03 14:30:00', '2025-01-03 15:00:00', 'Swimming', 30, true, 'record', '2025-01-03 14:20:00', 1.0, 150, 110, 130, '{"1": 100, "2": 102, "3": 105}'),
(6, '2025-01-04 16:30:00', '2025-01-04 17:30:00', 'Yoga', 60, true, 'record', '2025-01-04 16:20:00', NULL, 115, 84, 104, '{"1": 79, "2": 81, "3": 83}'),
(6, '2025-01-05 09:30:00', '2025-01-05 10:30:00', 'Strength Training', 60, true, 'record', '2025-01-05 09:20:00', NULL, 220, 116, 146, '{"1": 110, "2": 112, "3": 114}'),
(6, '2025-01-06 13:30:00', '2025-01-06 15:00:00', 'Running', 90, true, 'record', '2025-01-06 13:20:00', 7.2, 390, 136, 166, '{"1": 124, "2": 126, "3": 129}'),
(6, '2025-01-07 15:30:00', '2025-01-07 16:30:00', 'Cycling', 60, true, 'record', '2025-01-07 15:20:00', 17.0, 400, 122, 152, '{"1": 109, "2": 111, "3": 114}'),
(6, '2025-01-08 18:00:00', '2025-01-08 18:45:00', 'Swimming', 45, true, 'record', '2025-01-08 17:50:00', 1.4, 200, 114, 134, '{"1": 104, "2": 106, "3": 109}'),
(6, '2025-01-09 10:00:00', '2025-01-09 11:00:00', 'Yoga', 60, true, 'record', '2025-01-09 09:50:00', NULL, 125, 86, 106, '{"1": 81, "2": 83, "3": 85}'),
(6, '2025-01-10 14:00:00', '2025-01-10 15:00:00', 'Strength Training', 60, true, 'record', '2025-01-10 13:50:00', NULL, 230, 118, 148, '{"1": 112, "2": 114, "3": 116}'),
(6, '2025-01-11 08:00:00', '2025-01-11 09:00:00', 'Running', 60, true, 'record', '2025-01-11 07:50:00', 5.6, 330, 130, 160, '{"1": 120, "2": 122, "3": 125}'),
(6, '2025-01-12 10:00:00', '2025-01-12 11:30:00', 'Cycling', 90, true, 'record', '2025-01-12 09:50:00', 20.0, 500, 125, 155, '{"1": 112, "2": 114, "3": 117}'),
(6, '2025-01-13 13:00:00', '2025-01-13 13:30:00', 'Swimming', 30, true, 'record', '2025-01-13 12:50:00', 0.9, 140, 108, 128, '{"1": 98, "2": 100, "3": 103}'),
(6, '2025-01-14 15:00:00', '2025-01-14 16:00:00', 'Yoga', 60, true, 'record', '2025-01-14 14:50:00', NULL, 110, 83, 103, '{"1": 78, "2": 80, "3": 82}'),
(6, '2025-01-15 09:00:00', '2025-01-15 10:00:00', 'Strength Training', 60, true, 'record', '2025-01-15 08:50:00', NULL, 200, 112, 142, '{"1": 107, "2": 109, "3": 111}'),
(6, '2025-01-16 11:00:00', '2025-01-16 12:30:00', 'Running', 90, true, 'record', '2025-01-16 10:50:00', 7.0, 380, 135, 165, '{"1": 123, "2": 125, "3": 128}'),
(6, '2025-01-17 14:00:00', '2025-01-17 15:00:00', 'Cycling', 60, true, 'record', '2025-01-17 13:50:00', 16.0, 380, 120, 150, '{"1": 108, "2": 110, "3": 113}'),
(6, '2025-01-18 16:00:00', '2025-01-18 16:45:00', 'Swimming', 45, true, 'record', '2025-01-18 15:50:00', 1.3, 190, 113, 133, '{"1": 103, "2": 105, "3": 108}'),
(6, '2025-01-19 18:00:00', '2025-01-19 19:00:00', 'Yoga', 60, true, 'record', '2025-01-19 17:50:00', NULL, 120, 85, 105, '{"1": 80, "2": 82, "3": 84}'),
(6, '2025-01-20 10:00:00', '2025-01-20 11:00:00', 'Strength Training', 60, true, 'record', '2025-01-20 09:50:00', NULL, 210, 114, 144, '{"1": 108, "2": 110, "3": 112}'),

-- 用户7（20条）
(7, '2025-01-01 07:30:00', '2025-01-01 08:30:00', 'Running', 60, true, 'record', '2025-01-01 07:20:00', 6.2, 360, 133, 163, '{"1": 123, "2": 125, "3": 128}'),
(7, '2025-01-02 09:30:00', '2025-01-02 11:00:00', 'Cycling', 90, true, 'record', '2025-01-02 09:20:00', 23.0, 570, 128, 158, '{"1": 115, "2": 117, "3": 120}'),
(7, '2025-01-03 13:30:00', '2025-01-03 14:00:00', 'Swimming', 30, true, 'record', '2025-01-03 13:20:00', 1.1, 160, 111, 131, '{"1": 101, "2": 103, "3": 106}'),
(7, '2025-01-04 15:30:00', '2025-01-04 16:30:00', 'Yoga', 60, true, 'record', '2025-01-04 15:20:00', NULL, 120, 85, 105, '{"1": 80, "2": 82, "3": 84}'),
(7, '2025-01-05 10:30:00', '2025-01-05 11:30:00', 'Strength Training', 60, true, 'record', '2025-01-05 10:20:00', NULL, 230, 118, 148, '{"1": 112, "2": 114, "3": 116}'),
(7, '2025-01-06 14:30:00', '2025-01-06 16:00:00', 'Running', 90, true, 'record', '2025-01-06 14:20:00', 7.5, 400, 138, 168, '{"1": 125, "2": 127, "3": 130}'),
(7, '2025-01-07 16:30:00', '2025-01-07 17:30:00', 'Cycling', 60, true, 'record', '2025-01-07 16:20:00', 18.0, 420, 123, 153, '{"1": 110, "2": 112, "3": 115}'),
(7, '2025-01-08 08:30:00', '2025-01-08 09:15:00', 'Swimming', 45, true, 'record', '2025-01-08 08:20:00', 1.5, 210, 116, 136, '{"1": 106, "2": 108, "3": 111}'),
(7, '2025-01-09 10:30:00', '2025-01-09 11:30:00', 'Yoga', 60, true, 'record', '2025-01-09 10:20:00', NULL, 130, 87, 107, '{"1": 82, "2": 84, "3": 86}'),
(7, '2025-01-10 13:30:00', '2025-01-10 14:30:00', 'Strength Training', 60, true, 'record', '2025-01-10 13:20:00', NULL, 240, 120, 150, '{"1": 114, "2": 116, "3": 118}'),
(7, '2025-01-11 15:30:00', '2025-01-11 16:30:00', 'Running', 60, true, 'record', '2025-01-11 15:20:00', 6.0, 350, 132, 162, '{"1": 122, "2": 124, "3": 127}'),
(7, '2025-01-12 17:30:00', '2025-01-12 19:00:00', 'Cycling', 90, true, 'record', '2025-01-12 17:20:00', 22.0, 550, 127, 157, '{"1": 114, "2": 116, "3": 119}'),
(7, '2025-01-13 08:00:00', '2025-01-13 08:30:00', 'Swimming', 30, true, 'record', '2025-01-13 07:50:00', 0.9, 140, 109, 129, '{"1": 99, "2": 101, "3": 104}'),
(7, '2025-01-14 10:00:00', '2025-01-14 11:00:00', 'Yoga', 60, true, 'record', '2025-01-14 09:50:00', NULL, 115, 84, 104, '{"1": 79, "2": 81, "3": 83}'),
(7, '2025-01-15 13:00:00', '2025-01-15 14:00:00', 'Strength Training', 60, true, 'record', '2025-01-15 12:50:00', NULL, 220, 116, 146, '{"1": 110, "2": 112, "3": 114}'),
(7, '2025-01-16 15:00:00', '2025-01-16 16:30:00', 'Running', 90, true, 'record', '2025-01-16 14:50:00', 7.8, 420, 139, 169, '{"1": 126, "2": 128, "3": 131}'),
(7, '2025-01-17 17:00:00', '2025-01-17 18:00:00', 'Cycling', 60, true, 'record', '2025-01-17 16:50:00', 19.0, 440, 125, 155, '{"1": 112, "2": 114, "3": 117}'),
(7, '2025-01-18 09:00:00', '2025-01-18 09:45:00', 'Swimming', 45, true, 'record', '2025-01-18 08:50:00', 1.6, 220, 117, 137, '{"1": 107, "2": 109, "3": 112}'),
(7, '2025-01-19 11:00:00', '2025-01-19 12:00:00', 'Yoga', 60, true, 'record', '2025-01-19 10:50:00', NULL, 135, 88, 108, '{"1": 83, "2": 85, "3": 87}'),
(7, '2025-01-20 14:00:00', '2025-01-20 15:00:00', 'Strength Training', 60, true, 'record', '2025-01-20 13:50:00', NULL, 250, 122, 152, '{"1": 116, "2": 118, "3": 120}'),

-- 用户8（20条）
(8, '2025-01-01 09:00:00', '2025-01-01 10:00:00', 'Running', 60, true, 'record', '2025-01-01 08:50:00', 5.5, 320, 130, 160, '{"1": 120, "2": 122, "3": 125}'),
(8, '2025-01-02 11:00:00', '2025-01-02 12:30:00', 'Cycling', 90, true, 'record', '2025-01-02 10:50:00', 20.0, 500, 125, 155, '{"1": 112, "2": 114, "3": 117}'),
(8, '2025-01-03 14:00:00', '2025-01-03 14:30:00', 'Swimming', 30, true, 'record', '2025-01-03 13:50:00', 0.8, 130, 107, 127, '{"1": 97, "2": 99, "3": 102}'),
(8, '2025-01-04 16:00:00', '2025-01-04 17:00:00', 'Yoga', 60, true, 'record', '2025-01-04 15:50:00', NULL, 110, 83, 103, '{"1": 78, "2": 80, "3": 82}'),
(8, '2025-01-05 10:00:00', '2025-01-05 11:00:00', 'Strength Training', 60, true, 'record', '2025-01-05 09:50:00', NULL, 200, 112, 142, '{"1": 107, "2": 109, "3": 111}'),
(8, '2025-01-06 13:00:00', '2025-01-06 14:30:00', 'Running', 90, true, 'record', '2025-01-06 12:50:00', 7.0, 380, 135, 165, '{"1": 123, "2": 125, "3": 128}'),
(8, '2025-01-07 15:00:00', '2025-01-07 16:00:00', 'Cycling', 60, true, 'record', '2025-01-07 14:50:00', 16.0, 380, 120, 150, '{"1": 108, "2": 110, "3": 113}'),
(8, '2025-01-08 17:00:00', '2025-01-08 17:45:00', 'Swimming', 45, true, 'record', '2025-01-08 16:50:00', 1.2, 180, 111, 131, '{"1": 101, "2": 103, "3": 106}'),
(8, '2025-01-09 19:00:00', '2025-01-09 20:00:00', 'Yoga', 60, true, 'record', '2025-01-09 18:50:00', NULL, 120, 85, 105, '{"1": 80, "2": 82, "3": 84}'),
(8, '2025-01-10 10:00:00', '2025-01-10 11:00:00', 'Strength Training', 60, true, 'record', '2025-01-10 09:50:00', NULL, 210, 114, 144, '{"1": 108, "2": 110, "3": 112}'),
(8, '2025-01-11 08:30:00', '2025-01-11 09:30:00', 'Running', 60, true, 'record', '2025-01-11 08:20:00', 5.7, 330, 131, 161, '{"1": 121, "2": 123, "3": 126}'),
(8, '2025-01-12 11:00:00', '2025-01-12 12:30:00', 'Cycling', 90, true, 'record', '2025-01-12 10:50:00', 21.0, 520, 126, 156, '{"1": 113, "2": 115, "3": 118}'),
(8, '2025-01-13 14:30:00', '2025-01-13 15:00:00', 'Swimming', 30, true, 'record', '2025-01-13 14:20:00', 0.9, 140, 108, 128, '{"1": 98, "2": 100, "3": 103}'),
(8, '2025-01-14 16:30:00', '2025-01-14 17:30:00', 'Yoga', 60, true, 'record', '2025-01-14 16:20:00', NULL, 115, 84, 104, '{"1": 79, "2": 81, "3": 83}'),
(8, '2025-01-15 09:30:00', '2025-01-15 10:30:00', 'Strength Training', 60, true, 'record', '2025-01-15 09:20:00', NULL, 220, 116, 146, '{"1": 110, "2": 112, "3": 114}'),
(8, '2025-01-16 13:30:00', '2025-01-16 15:00:00', 'Running', 90, true, 'record', '2025-01-16 13:20:00', 7.2, 390, 136, 166, '{"1": 124, "2": 126, "3": 129}'),
(8, '2025-01-17 15:30:00', '2025-01-17 16:30:00', 'Cycling', 60, true, 'record', '2025-01-17 15:20:00', 17.0, 400, 122, 152, '{"1": 109, "2": 111, "3": 114}'),
(8, '2025-01-18 18:00:00', '2025-01-18 18:45:00', 'Swimming', 45, true, 'record', '2025-01-18 17:50:00', 1.3, 190, 113, 133, '{"1": 103, "2": 105, "3": 108}'),
(8, '2025-01-19 10:00:00', '2025-01-19 11:00:00', 'Yoga', 60, true, 'record', '2025-01-19 09:50:00', NULL, 125, 86, 106, '{"1": 81, "2": 83, "3": 85}'),
(8, '2025-01-20 14:00:00', '2025-01-20 15:00:00', 'Strength Training', 60, true, 'record', '2025-01-20 13:50:00', NULL, 230, 118, 148, '{"1": 112, "2": 114, "3": 116}'),

-- 用户9（20条）
(9, '2025-01-01 08:00:00', '2025-01-01 09:00:00', 'Running', 60, true, 'record', '2025-01-01 07:50:00', 5.3, 310, 129, 159, '{"1": 119, "2": 121, "3": 124}'),
(9, '2025-01-02 10:00:00', '2025-01-02 11:30:00', 'Cycling', 90, true, 'record', '2025-01-02 09:50:00', 19.0, 480, 124, 154, '{"1": 111, "2": 113, "3": 116}'),
(9, '2025-01-03 13:00:00', '2025-01-03 13:30:00', 'Swimming', 30, true, 'record', '2025-01-03 12:50:00', 0.7, 120, 106, 126, '{"1": 96, "2": 98, "3": 101}'),
(9, '2025-01-04 15:00:00', '2025-01-04 16:00:00', 'Yoga', 60, true, 'record', '2025-01-04 14:50:00', NULL, 105, 82, 102, '{"1": 77, "2": 79, "3": 81}'),
(9, '2025-01-05 09:00:00', '2025-01-05 10:00:00', 'Strength Training', 60, true, 'record', '2025-01-05 08:50:00', NULL, 190, 111, 141, '{"1": 106, "2": 108, "3": 110}'),
(9, '2025-01-06 11:00:00', '2025-01-06 12:30:00', 'Running', 90, true, 'record', '2025-01-06 10:50:00', 6.8, 370, 134, 164, '{"1": 122, "2": 124, "3": 127}'),
(9, '2025-01-07 14:00:00', '2025-01-07 15:00:00', 'Cycling', 60, true, 'record', '2025-01-07 13:50:00', 15.0, 360, 119, 149, '{"1": 107, "2": 109, "3": 112}'),
(9, '2025-01-08 16:00:00', '2025-01-08 16:45:00', 'Swimming', 45, true, 'record', '2025-01-08 15:50:00', 1.1, 170, 110, 130, '{"1": 100, "2": 102, "3": 105}'),
(9, '2025-01-09 18:00:00', '2025-01-09 19:00:00', 'Yoga', 60, true, 'record', '2025-01-09 17:50:00', NULL, 115, 84, 104, '{"1": 79, "2": 81, "3": 83}'),
(9, '2025-01-10 10:00:00', '2025-01-10 11:00:00', 'Strength Training', 60, true, 'record', '2025-01-10 09:50:00', NULL, 200, 113, 143, '{"1": 107, "2": 109, "3": 111}'),
(9, '2025-01-11 13:00:00', '2025-01-11 14:00:00', 'Running', 60, true, 'record', '2025-01-11 12:50:00', 5.5, 320, 130, 160, '{"1": 120, "2": 122, "3": 125}'),
(9, '2025-01-12 15:00:00', '2025-01-12 16:30:00', 'Cycling', 90, true, 'record', '2025-01-12 14:50:00', 20.0, 500, 125, 155, '{"1": 112, "2": 114, "3": 117}'),
(9, '2025-01-13 17:00:00', '2025-01-13 17:30:00', 'Swimming', 30, true, 'record', '2025-01-13 16:50:00', 0.8, 130, 107, 127, '{"1": 97, "2": 99, "3": 102}'),
(9, '2025-01-14 09:00:00', '2025-01-14 10:00:00', 'Yoga', 60, true, 'record', '2025-01-14 08:50:00', NULL, 110, 83, 103, '{"1": 78, "2": 80, "3": 82}'),
(9, '2025-01-15 11:00:00', '2025-01-15 12:00:00', 'Strength Training', 60, true, 'record', '2025-01-15 10:50:00', NULL, 210, 115, 145, '{"1": 109, "2": 111, "3": 113}'),
(9, '2025-01-16 14:00:00', '2025-01-16 15:30:00', 'Running', 90, true, 'record', '2025-01-16 13:50:00', 7.0, 380, 135, 165, '{"1": 123, "2": 125, "3": 128}'),
(9, '2025-01-17 16:00:00', '2025-01-17 17:00:00', 'Cycling', 60, true, 'record', '2025-01-17 15:50:00', 16.0, 380, 120, 150, '{"1": 108, "2": 110, "3": 113}'),
(9, '2025-01-18 18:00:00', '2025-01-18 18:45:00', 'Swimming', 45, true, 'record', '2025-01-18 17:50:00', 1.2, 180, 111, 131, '{"1": 101, "2": 103, "3": 106}'),
(9, '2025-01-19 10:00:00', '2025-01-19 11:00:00', 'Yoga', 60, true, 'record', '2025-01-19 09:50:00', NULL, 120, 85, 105, '{"1": 80, "2": 82, "3": 84}'),
(9, '2025-01-20 13:00:00', '2025-01-20 14:00:00', 'Strength Training', 60, true, 'record', '2025-01-20 12:50:00', NULL, 220, 117, 147, '{"1": 111, "2": 113, "3": 115}'),

-- 用户10（20条）
(10, '2025-01-01 07:00:00', '2025-01-01 08:00:00', 'Running', 60, true, 'record', '2025-01-01 06:50:00', 5.8, 340, 131, 161, '{"1": 121, "2": 123, "3": 126}'),
(10, '2025-01-02 09:00:00', '2025-01-02 10:30:00', 'Cycling', 90, true, 'record', '2025-01-02 08:50:00', 21.0, 520, 126, 156, '{"1": 113, "2": 115, "3": 118}'),
(10, '2025-01-03 12:00:00', '2025-01-03 12:30:00', 'Swimming', 30, true, 'record', '2025-01-03 11:50:00', 0.9, 140, 108, 128, '{"1": 98, "2": 100, "3": 103}'),
(10, '2025-01-04 14:00:00', '2025-01-04 15:00:00', 'Yoga', 60, true, 'record', '2025-01-04 13:50:00', NULL, 110, 83, 103, '{"1": 78, "2": 80, "3": 82}'),
(10, '2025-01-05 10:00:00', '2025-01-05 11:00:00', 'Strength Training', 60, true, 'record', '2025-01-05 09:50:00', NULL, 200, 112, 142, '{"1": 107, "2": 109, "3": 111}'),
(10, '2025-01-06 13:00:00', '2025-01-06 14:30:00', 'Running', 90, true, 'record', '2025-01-06 12:50:00', 7.2, 390, 136, 166, '{"1": 124, "2": 126, "3": 129}'),
(10, '2025-01-07 15:00:00', '2025-01-07 16:00:00', 'Cycling', 60, true, 'record', '2025-01-07 14:50:00', 17.0, 400, 122, 152, '{"1": 109, "2": 111, "3": 114}'),
(10, '2025-01-08 17:00:00', '2025-01-08 17:45:00', 'Swimming', 45, true, 'record', '2025-01-08 16:50:00', 1.3, 190, 113, 133, '{"1": 103, "2": 105, "3": 108}'),
(10, '2025-01-09 19:00:00', '2025-01-09 20:00:00', 'Yoga', 60, true, 'record', '2025-01-09 18:50:00', NULL, 120, 85, 105, '{"1": 80, "2": 82, "3": 84}'),
(10, '2025-01-10 10:00:00', '2025-01-10 11:00:00', 'Strength Training', 60, true, 'record', '2025-01-10 09:50:00', NULL, 210, 114, 144, '{"1": 108, "2": 110, "3": 112}'),
(10, '2025-01-11 08:30:00', '2025-01-11 09:30:00', 'Running', 60, true, 'record', '2025-01-11 08:20:00', 5.9, 350, 132, 162, '{"1": 122, "2": 124, "3": 127}'),
(10, '2025-01-12 11:00:00', '2025-01-12 12:30:00', 'Cycling', 90, true, 'record', '2025-01-12 10:50:00', 22.0, 540, 127, 157, '{"1": 114, "2": 116, "3": 119}'),
(10, '2025-01-13 14:30:00', '2025-01-13 15:00:00', 'Swimming', 30, true, 'record', '2025-01-13 14:20:00', 1.0, 150, 109, 129, '{"1": 99, "2": 101, "3": 104}'),
(10, '2025-01-14 16:30:00', '2025-01-14 17:30:00', 'Yoga', 60, true, 'record', '2025-01-14 16:20:00', NULL, 115, 84, 104, '{"1": 79, "2": 81, "3": 83}'),
(10, '2025-01-15 09:30:00', '2025-01-15 10:30:00', 'Strength Training', 60, true, 'record', '2025-01-15 09:20:00', NULL, 220, 116, 146, '{"1": 110, "2": 112, "3": 114}'),
(10, '2025-01-16 13:30:00', '2025-01-16 15:00:00', 'Running', 90, true, 'record', '2025-01-16 13:20:00', 7.5, 400, 137, 167, '{"1": 125, "2": 127, "3": 130}'),
(10, '2025-01-17 15:30:00', '2025-01-17 16:30:00', 'Cycling', 60, true, 'record', '2025-01-17 15:20:00', 18.0, 420, 123, 153, '{"1": 110, "2": 112, "3": 115}'),
(10, '2025-01-18 18:00:00', '2025-01-18 18:45:00', 'Swimming', 45, true, 'record', '2025-01-18 17:50:00', 1.4, 200, 114, 134, '{"1": 104, "2": 106, "3": 109}'),
(10, '2025-01-19 10:00:00', '2025-01-19 11:00:00', 'Yoga', 60, true, 'record', '2025-01-19 09:50:00', NULL, 125, 86, 106, '{"1": 81, "2": 83, "3": 85}'),
(10, '2025-01-20 14:00:00', '2025-01-20 15:00:00', 'Strength Training', 60, true, 'record', '2025-01-20 13:50:00', NULL, 230, 118, 148, '{"1": 112, "2": 114, "3": 116}');

INSERT INTO challenges (title, description, start_date, end_date, challenge_type, target_value, created_by) VALUES
-- 用户1（5条）
('30天60公里跑', '每周3次户外跑步', '2025-01-01 00:00:00', '2025-01-31 23:59:59', 'distance', 60.0, 1),
('2月2500大卡挑战', NULL, '2025-02-01 00:00:00', '2025-02-28 23:59:59', 'calories', 2500.0, 1),
('12周4次健身', '力量训练为主', '2025-03-01 00:00:00', '2025-05-31 23:59:59', 'workouts', 4.0, 1),
('30天45分钟冥想', '每日放松身心', '2025-06-01 00:00:00', '2025-06-30 23:59:59', 'duration', 45.0, 1),
('Q3季度200公里骑行', '通勤与锻炼结合', '2025-07-01 00:00:00', '2025-09-30 23:59:59', 'distance', 200.0, 1),

-- 用户2（5条）
('30天50公里跑步', '提升耐力计划', '2025-01-15 00:00:00', '2025-02-14 23:59:59', 'distance', 50.0, 2),
('3月3000大卡燃烧', '有氧运动挑战', '2025-03-01 00:00:00', '2025-03-31 23:59:59', 'calories', 3000.0, 2),
('8周3次瑜伽', NULL, '2025-04-01 00:00:00', '2025-05-31 23:59:59', 'workouts', 3.0, 2),
('60天1小时学习', '提升专业技能', '2025-06-15 00:00:00', '2025-08-14 23:59:59', 'duration', 60.0, 2),
('Q4季度150公里骑行', '秋季骑行挑战', '2025-10-01 00:00:00', '2025-12-31 23:59:59', 'distance', 150.0, 2),

-- 用户3（5条）
('30天70公里跑步', '挑战个人极限', '2025-02-01 00:00:00', '2025-03-03 23:59:59', 'distance', 70.0, 3),
('4月2000大卡计划', '减脂塑形', '2025-04-01 00:00:00', '2025-04-30 23:59:59', 'calories', 2000.0, 3),
('10周5次健身', '力量与耐力结合', '2025-05-01 00:00:00', '2025-07-10 23:59:59', 'workouts', 5.0, 3),
('45天30分钟阅读', NULL, '2025-07-15 00:00:00', '2025-08-29 23:59:59', 'duration', 30.0, 3),
('Q3季度250公里骑行', '长距离骑行挑战', '2025-07-01 00:00:00', '2025-09-30 23:59:59', 'distance', 250.0, 3),

-- 用户4（5条）
('30天55公里跑', '每日短跑积累', '2025-01-10 00:00:00', '2025-02-09 23:59:59', 'distance', 55.0, 4),
('5月3500大卡目标', '高强度训练', '2025-05-01 00:00:00', '2025-05-31 23:59:59', 'calories', 3500.0, 4),
('8周4次普拉提', '核心力量训练', '2025-06-01 00:00:00', '2025-07-31 23:59:59', 'workouts', 4.0, 4),
('60天45分钟学习', '提升自我', '2025-08-01 00:00:00', '2025-09-30 23:59:59', 'duration', 45.0, 4),
('Q4季度180公里骑行', NULL, '2025-10-01 00:00:00', '2025-12-31 23:59:59', 'distance', 180.0, 4),

-- 用户5（5条）
('30天65公里跑步', '冬季耐力挑战', '2025-02-15 00:00:00', '2025-03-17 23:59:59', 'distance', 65.0, 5),
('6月4000大卡燃烧', '夏季减脂计划', '2025-06-01 00:00:00', '2025-06-30 23:59:59', 'calories', 4000.0, 5),
('12周3次健身', '全身训练', '2025-07-01 00:00:00', '2025-09-30 23:59:59', 'workouts', 3.0, 5),
('30天1小时冥想', '每日放松', '2025-10-01 00:00:00', '2025-10-31 23:59:59', 'duration', 60.0, 5),
('Q4季度220公里骑行', '长途骑行计划', '2025-10-01 00:00:00', '2025-12-31 23:59:59', 'distance', 220.0, 5),

-- 用户6（5条）
('30天45公里跑', '新手跑步计划', '2025-03-01 00:00:00', '2025-03-31 23:59:59', 'distance', 45.0, 6),
('7月1500大卡挑战', NULL, '2025-07-01 00:00:00', '2025-07-31 23:59:59', 'calories', 1500.0, 6),
('8周5次瑜伽', '柔韧性与放松', '2025-08-01 00:00:00', '2025-09-30 23:59:59', 'workouts', 5.0, 6),
('45天30分钟学习', '提升知识储备', '2025-10-15 00:00:00', '2025-11-29 23:59:59', 'duration', 30.0, 6),
('Q1季度160公里骑行', '春季骑行挑战', '2025-01-01 00:00:00', '2025-03-31 23:59:59', 'distance', 160.0, 6),

-- 用户7（5条）
('30天75公里跑步', '高强度耐力训练', '2025-04-01 00:00:00', '2025-05-01 23:59:59', 'distance', 75.0, 7),
('8月4500大卡目标', '夏季高强度挑战', '2025-08-01 00:00:00', '2025-08-31 23:59:59', 'calories', 4500.0, 7),
('10周4次健身', '增肌计划', '2025-09-01 00:00:00', '2025-11-10 23:59:59', 'workouts', 4.0, 7),
('60天1小时阅读', NULL, '2025-11-15 00:00:00', '2025-01-14 23:59:59', 'duration', 60.0, 7),
('Q1季度280公里骑行', '春季长距离挑战', '2025-01-01 00:00:00', '2025-03-31 23:59:59', 'distance', 280.0, 7),

-- 用户8（5条）
('30天40公里跑', '轻松跑步计划', '2025-05-01 00:00:00', '2025-05-31 23:59:59', 'distance', 40.0, 8),
('9月2000大卡挑战', '秋季减脂', '2025-09-01 00:00:00', '2025-09-30 23:59:59', 'calories', 2000.0, 8),
('8周3次普拉提', '核心与柔韧性', '2025-10-01 00:00:00', '2025-11-30 23:59:59', 'workouts', 3.0, 8),
('45天45分钟学习', '每日进步', '2025-12-01 00:00:00', '2026-01-15 23:59:59', 'duration', 45.0, 8),
('Q2季度190公里骑行', NULL, '2025-04-01 00:00:00', '2025-06-30 23:59:59', 'distance', 190.0, 8),

-- 用户9（5条）
('30天80公里跑步', '极限耐力挑战', '2025-06-01 00:00:00', '2025-07-01 23:59:59', 'distance', 80.0, 9),
('10月5000大卡燃烧', '高强度减脂', '2025-10-01 00:00:00', '2025-10-31 23:59:59', 'calories', 5000.0, 9),
('12周5次健身', '全身力量提升', '2025-11-01 00:00:00', '2026-01-31 23:59:59', 'workouts', 5.0, 9),
('30天1小时冥想', '内心平静计划', '2025-12-15 00:00:00', '2026-01-14 23:59:59', 'duration', 60.0, 9),
('Q2季度300公里骑行', '夏季长途挑战', '2025-04-01 00:00:00', '2025-06-30 23:59:59', 'distance', 300.0, 9),

-- 用户10（5条）
('30天50公里跑', '稳健跑步计划', '2025-07-01 00:00:00', '2025-07-31 23:59:59', 'distance', 50.0, 10),
('11月2500大卡目标', NULL, '2025-11-01 00:00:00', '2025-11-30 23:59:59', 'calories', 2500.0, 10),
('8周4次瑜伽', '身心平衡挑战', '2025-12-01 00:00:00', '2026-01-31 23:59:59', 'workouts', 4.0, 10),
('45天30分钟阅读', '每日知识积累', '2026-01-01 00:00:00', '2026-02-15 23:59:59', 'duration', 30.0, 10),
('Q1季度210公里骑行', '春季骑行计划', '2025-01-01 00:00:00', '2025-03-31 23:59:59', 'distance', 210.0, 10);

INSERT INTO user_challenges (user_id, challenge_id, join_date, current_value, completed) VALUES
-- 用户1（20条，挑战ID覆盖1-10, 11-15, 16-20, 21-25部分）
(1, 1, '2025-01-05 10:30:00', 25.0, FALSE),    -- 参与挑战1，进行中
(1, 2, '2025-02-05 09:00:00', 1000.0, FALSE),   -- 参与挑战2，进行中
(1, 3, '2025-03-05 14:20:00', 2.0, FALSE),      -- 参与挑战3，进行中
(1, 4, '2025-06-05 11:10:00', 20.0, FALSE),     -- 参与挑战4，进行中
(1, 5, '2025-07-05 15:30:00', 80.0, FALSE),     -- 参与挑战5，进行中
(1, 6, '2025-01-20 08:45:00', 15.0, FALSE),     -- 参与挑战6，进行中
(1, 7, '2025-03-20 16:00:00', 1200.0, FALSE),   -- 参与挑战7，进行中
(1, 8, '2025-04-10 09:30:00', 1.0, FALSE),      -- 参与挑战8，进行中
(1, 9, '2025-06-10 13:45:00', 30.0, FALSE),     -- 参与挑战9，进行中
(1, 10, '2025-07-10 10:15:00', 90.0, FALSE),    -- 参与挑战10，进行中
(1, 11, '2025-02-10 14:50:00', 20.0, FALSE),    -- 参与挑战11，进行中
(1, 12, '2025-03-15 08:00:00', 1000.0, FALSE),  -- 参与挑战12，进行中
(1, 13, '2025-05-15 11:30:00', 3.0, FALSE),     -- 参与挑战13，进行中
(1, 14, '2025-08-05 16:20:00', 25.0, FALSE),    -- 参与挑战14，进行中
(1, 15, '2025-10-05 09:10:00', 60.0, FALSE),    -- 参与挑战15，进行中
(1, 21, '2025-02-20 13:00:00', 30.0, FALSE),    -- 参与挑战21，进行中
(1, 22, '2025-05-20 15:40:00', 2000.0, FALSE),  -- 参与挑战22，进行中
(1, 23, '2025-07-20 10:25:00', 2.0, FALSE),     -- 参与挑战23，进行中
(1, 24, '2025-10-20 14:15:00', 40.0, FALSE),    -- 参与挑战24，进行中
(1, 25, '2025-01-20 08:30:00', 100.0, FALSE),   -- 参与挑战25，进行中

-- 用户2（20条，挑战ID覆盖6-15, 16-20, 21-25, 26-30部分）
(2, 6, '2025-01-21 14:30:00', 20.0, FALSE),     -- 参与挑战6，进行中
(2, 7, '2025-03-21 08:50:00', 1800.0, FALSE),   -- 参与挑战7，进行中
(2, 8, '2025-04-11 11:40:00', 2.0, FALSE),      -- 参与挑战8，进行中
(2, 9, '2025-06-11 15:00:00', 35.0, FALSE),     -- 参与挑战9，进行中
(2, 10, '2025-07-11 09:30:00', 110.0, FALSE),   -- 参与挑战10，进行中
(2, 11, '2025-02-11 13:20:00', 25.0, FALSE),    -- 参与挑战11，进行中
(2, 12, '2025-03-16 10:45:00', 1500.0, FALSE),  -- 参与挑战12，进行中
(2, 13, '2025-05-16 16:15:00', 4.0, FALSE),     -- 参与挑战13，进行中
(2, 14, '2025-08-06 08:55:00', 30.0, FALSE),    -- 参与挑战14，进行中
(2, 15, '2025-10-06 14:25:00', 80.0, FALSE),    -- 参与挑战15，进行中
(2, 16, '2025-03-06 09:10:00', 15.0, FALSE),    -- 参与挑战16，进行中
(2, 17, '2025-08-11 11:30:00', 2500.0, FALSE),  -- 参与挑战17，进行中
(2, 18, '2025-10-11 15:50:00', 1.0, FALSE),     -- 参与挑战18，进行中
(2, 19, '2025-12-06 08:40:00', 40.0, FALSE),    -- 参与挑战19，进行中
(2, 20, '2025-01-06 16:05:00', 100.0, FALSE),   -- 参与挑战20，进行中
(2, 21, '2025-02-15 10:30:00', 35.0, FALSE),    -- 参与挑战21，进行中
(2, 22, '2025-05-15 14:45:00', 3000.0, FALSE),  -- 参与挑战22，进行中
(2, 23, '2025-07-15 09:20:00', 3.0, FALSE),     -- 参与挑战23，进行中
(2, 24, '2025-10-15 13:10:00', 45.0, FALSE),    -- 参与挑战24，进行中
(2, 26, '2025-03-15 16:20:00', 20.0, FALSE),    -- 参与挑战26，进行中

-- 用户3（20条，挑战ID覆盖11-20, 21-25, 26-30, 31-35部分）
(3, 11, '2025-02-12 08:50:00', 30.0, FALSE),    -- 参与挑战11，进行中
(3, 12, '2025-03-17 15:00:00', 1800.0, FALSE),  -- 参与挑战12，进行中
(3, 13, '2025-05-17 10:20:00', 5.0, TRUE),      -- 参与挑战13，已完成
(3, 14, '2025-08-07 13:45:00', 35.0, FALSE),    -- 参与挑战14，进行中
(3, 15, '2025-10-07 09:30:00', 100.0, FALSE),   -- 参与挑战15，进行中
(3, 16, '2025-03-07 16:05:00', 20.0, FALSE),    -- 参与挑战16，进行中
(3, 17, '2025-08-12 08:15:00', 3000.0, FALSE),  -- 参与挑战17，进行中
(3, 18, '2025-10-12 14:40:00', 2.0, FALSE),     -- 参与挑战18，进行中
(3, 19, '2025-12-07 11:25:00', 45.0, FALSE),    -- 参与挑战19，进行中
(3, 20, '2025-01-07 13:10:00', 120.0, FALSE),   -- 参与挑战20，进行中
(3, 21, '2025-02-17 09:40:00', 40.0, FALSE),    -- 参与挑战21，进行中
(3, 22, '2025-05-17 15:20:00', 3500.0, FALSE),  -- 参与挑战22，进行中
(3, 23, '2025-07-17 11:00:00', 4.0, TRUE),      -- 参与挑战23，已完成
(3, 24, '2025-10-17 16:30:00', 50.0, FALSE),    -- 参与挑战24，进行中
(3, 25, '2025-01-17 08:15:00', 140.0, FALSE),   -- 参与挑战25，进行中
(3, 26, '2025-03-17 13:25:00', 25.0, FALSE),    -- 参与挑战26，进行中
(3, 27, '2025-08-17 10:45:00', 4000.0, FALSE),  -- 参与挑战27，进行中
(3, 28, '2025-12-17 14:10:00', 2.0, FALSE),     -- 参与挑战28，进行中
(3, 29, '2026-01-05 09:30:00', 30.0, FALSE),    -- 参与挑战29，进行中
(3, 31, '2025-04-05 16:00:00', 35.0, FALSE),    -- 参与挑战31，进行中

-- 用户4（20条，挑战ID覆盖16-25, 26-30, 31-35, 36-40部分）
(4, 16, '2025-03-08 09:55:00', 25.0, FALSE),    -- 参与挑战16，进行中
(4, 17, '2025-08-13 14:10:00', 3500.0, FALSE),  -- 参与挑战17，进行中
(4, 18, '2025-10-13 16:20:00', 3.0, FALSE),     -- 参与挑战18，进行中
(4, 19, '2025-12-08 08:35:00', 50.0, FALSE),    -- 参与挑战19，进行中
(4, 20, '2025-01-08 11:50:00', 140.0, FALSE),   -- 参与挑战20，进行中
(4, 21, '2025-02-18 15:30:00', 45.0, FALSE),    -- 参与挑战21，进行中
(4, 22, '2025-05-18 09:45:00', 4000.0, FALSE),  -- 参与挑战22，进行中
(4, 23, '2025-07-18 13:15:00', 3.0, FALSE),     -- 参与挑战23，进行中
(4, 24, '2025-10-18 10:25:00', 55.0, FALSE),    -- 参与挑战24，进行中
(4, 25, '2025-01-18 16:40:00', 160.0, FALSE),   -- 参与挑战25，进行中
(4, 26, '2025-03-18 08:20:00', 30.0, FALSE),    -- 参与挑战26，进行中
(4, 27, '2025-08-18 11:55:00', 4500.0, FALSE),  -- 参与挑战27，进行中
(4, 28, '2025-12-18 14:30:00', 4.0, TRUE),      -- 参与挑战28，已完成
(4, 29, '2026-01-06 09:10:00', 35.0, FALSE),    -- 参与挑战29，进行中
(4, 30, '2025-04-06 15:45:00', 180.0, FALSE),   -- 参与挑战30，进行中
(4, 31, '2025-04-10 10:20:00', 40.0, FALSE),    -- 参与挑战31，进行中
(4, 32, '2025-06-10 13:50:00', 2000.0, FALSE),  -- 参与挑战32，进行中
(4, 33, '2025-09-10 16:15:00', 3.0, FALSE),     -- 参与挑战33，进行中
(4, 34, '2025-11-10 08:30:00', 45.0, FALSE),    -- 参与挑战34，进行中
(4, 36, '2025-05-10 14:05:00', 25.0, FALSE),    -- 参与挑战36，进行中

-- 用户5（20条，挑战ID覆盖21-30, 31-35, 36-40, 41-45部分）
(5, 21, '2025-02-19 13:55:00', 40.0, FALSE),    -- 参与挑战21，进行中
(5, 22, '2025-05-19 15:15:00', 2200.0, FALSE),  -- 参与挑战22，进行中
(5, 23, '2025-07-19 10:05:00', 5.0, TRUE),      -- 参与挑战23，已完成
(5, 24, '2025-10-19 14:40:00', 45.0, FALSE),    -- 参与挑战24，进行中
(5, 25, '2025-01-19 16:25:00', 140.0, FALSE),   -- 参与挑战25，进行中
(5, 26, '2025-03-19 09:50:00', 30.0, FALSE),    -- 参与挑战26，进行中
(5, 27, '2025-08-19 13:35:00', 4000.0, TRUE),   -- 参与挑战27，已完成
(5, 28, '2025-12-19 15:45:00', 2.0, FALSE),     -- 参与挑战28，进行中
(5, 29, '2026-01-07 08:10:00', 55.0, FALSE),    -- 参与挑战29，进行中
(5, 30, '2025-04-07 16:35:00', 160.0, FALSE),   -- 参与挑战30，进行中
(5, 31, '2025-04-11 11:30:00', 45.0, FALSE),    -- 参与挑战31，进行中
(5, 32, '2025-06-11 14:05:00', 2400.0, FALSE),  -- 参与挑战32，进行中
(5, 33, '2025-09-11 09:20:00', 4.0, FALSE),     -- 参与挑战33，进行中
(5, 34, '2025-11-11 13:15:00', 50.0, FALSE),    -- 参与挑战34，进行中
(5, 35, '2025-12-11 16:50:00', 200.0, FALSE),   -- 参与挑战35，进行中
(5, 36, '2025-05-11 10:45:00', 30.0, FALSE),    -- 参与挑战36，进行中
(5, 37, '2025-07-11 15:20:00', 2500.0, FALSE),  -- 参与挑战37，进行中
(5, 38, '2025-10-11 08:55:00', 3.0, FALSE),     -- 参与挑战38，进行中
(5, 39, '2025-12-01 14:30:00', 40.0, FALSE),    -- 参与挑战39，进行中
(5, 41, '2025-06-01 09:40:00', 35.0, FALSE),    -- 参与挑战41，进行中

-- 用户6（20条，挑战ID覆盖26-35, 36-40, 41-45, 46-50部分）
(6, 26, '2025-03-20 13:50:00', 15.0, FALSE),    -- 参与挑战26，进行中
(6, 27, '2025-08-20 16:30:00', 1500.0, FALSE),  -- 参与挑战27，进行中
(6, 28, '2025-12-20 09:15:00', 2.0, FALSE),     -- 参与挑战28，进行中
(6, 29, '2026-01-08 14:25:00', 30.0, FALSE),    -- 参与挑战29，进行中
(6, 30, '2025-04-08 10:40:00', 80.0, FALSE),    -- 参与挑战30，进行中
(6, 31, '2025-04-12 15:10:00', 20.0, FALSE),    -- 参与挑战31，进行中
(6, 32, '2025-06-12 08:45:00', 1000.0, FALSE),  -- 参与挑战32，进行中
(6, 33, '2025-09-12 13:30:00', 3.0, FALSE),     -- 参与挑战33，进行中
(6, 34, '2025-11-12 16:20:00', 25.0, FALSE),    -- 参与挑战34，进行中
(6, 35, '2025-12-12 09:05:00', 100.0, FALSE),   -- 参与挑战35，进行中
(6, 36, '2025-05-12 14:15:00', 15.0, FALSE),    -- 参与挑战36，进行中
(6, 37, '2025-07-12 11:40:00', 1500.0, FALSE),  -- 参与挑战37，进行中
(6, 38, '2025-10-12 08:30:00', 2.0, FALSE),     -- 参与挑战38，进行中
(6, 39, '2025-12-02 13:55:00', 30.0, FALSE),    -- 参与挑战39，进行中
(6, 40, '2026-01-02 16:10:00', 120.0, FALSE),   -- 参与挑战40，进行中
(6, 41, '2025-06-02 10:20:00', 25.0, FALSE),    -- 参与挑战41，进行中
(6, 42, '2025-11-02 14:45:00', 1800.0, FALSE),  -- 参与挑战42，进行中
(6, 43, '2025-12-02 09:50:00', 3.0, FALSE),     -- 参与挑战43，进行中
(6, 44, '2026-01-02 15:30:00', 35.0, FALSE),    -- 参与挑战44，进行中
(6, 46, '2025-07-02 11:05:00', 20.0, FALSE),    -- 参与挑战46，进行中

-- 用户7（20条，挑战ID覆盖1-5, 6-10, 31-35, 36-40, 41-45部分）
(7, 1, '2025-01-11 09:45:00', 50.0, FALSE),     -- 参与挑战1，进行中
(7, 2, '2025-02-11 13:15:00', 2500.0, TRUE),    -- 参与挑战2，已完成
(7, 3, '2025-03-11 15:30:00', 5.0, TRUE),       -- 参与挑战3，已完成
(7, 4, '2025-06-11 11:40:00', 45.0, TRUE),      -- 参与挑战4，已完成
(7, 5, '2025-07-11 08:20:00', 180.0, FALSE),    -- 参与挑战5，进行中
(7, 6, '2025-01-26 14:50:00', 40.0, FALSE),     -- 参与挑战6，进行中
(7, 7, '2025-03-26 09:10:00', 3000.0, FALSE),   -- 参与挑战7，进行中
(7, 8, '2025-04-16 16:00:00', 4.0, TRUE),       -- 参与挑战8，已完成
(7, 9, '2025-06-16 13:25:00', 55.0, FALSE),     -- 参与挑战9，进行中
(7, 10, '2025-07-16 15:45:00', 190.0, FALSE),   -- 参与挑战10，进行中
(7, 31, '2025-04-13 10:35:00', 45.0, FALSE),    -- 参与挑战31，进行中
(7, 32, '2025-06-13 14:20:00', 2400.0, FALSE),  -- 参与挑战32，进行中
(7, 33, '2025-09-13 08:55:00', 4.0, FALSE),     -- 参与挑战33，进行中
(7, 34, '2025-11-13 16:15:00', 50.0, FALSE),    -- 参与挑战34，进行中
(7, 35, '2025-12-13 11:30:00', 200.0, FALSE),   -- 参与挑战35，进行中
(7, 36, '2025-05-13 13:05:00', 35.0, FALSE),    -- 参与挑战36，进行中
(7, 37, '2025-07-13 10:40:00', 2500.0, TRUE),   -- 参与挑战37，已完成
(7, 38, '2025-10-13 14:10:00', 3.0, FALSE),     -- 参与挑战38，进行中
(7, 39, '2025-12-03 09:20:00', 40.0, FALSE),    -- 参与挑战39，进行中
(7, 41, '2025-06-03 15:50:00', 30.0, FALSE),    -- 参与挑战41，进行中

-- 用户8（20条，挑战ID覆盖5-10, 11-15, 36-40, 41-45, 46-50部分）
(8, 5, '2025-07-12 10:25:00', 90.0, FALSE),     -- 参与挑战5，进行中
(8, 6, '2025-01-27 09:30:00', 15.0, FALSE),     -- 参与挑战6，进行中
(8, 7, '2025-03-27 13:45:00', 1500.0, FALSE),   -- 参与挑战7，进行中
(8, 8, '2025-04-17 15:10:00', 1.0, FALSE),      -- 参与挑战8，进行中
(8, 9, '2025-06-17 08:55:00', 25.0, FALSE),     -- 参与挑战9，进行中
(8, 10, '2025-07-17 16:30:00', 100.0, FALSE),   -- 参与挑战10，进行中
(8, 11, '2025-02-17 14:05:00', 20.0, FALSE),    -- 参与挑战11，进行中
(8, 12, '2025-03-22 09:15:00', 1000.0, FALSE),  -- 参与挑战12，进行中
(8, 13, '2025-05-22 11:40:00', 3.0, FALSE),     -- 参与挑战13，进行中
(8, 14, '2025-08-12 13:20:00', 30.0, FALSE),    -- 参与挑战14，进行中
(8, 36, '2025-05-14 15:55:00', 25.0, FALSE),    -- 参与挑战36，进行中
(8, 37, '2025-07-14 09:15:00', 2000.0, FALSE),  -- 参与挑战37，进行中
(8, 38, '2025-10-14 16:25:00', 2.0, FALSE),     -- 参与挑战38，进行中
(8, 39, '2025-12-04 08:45:00', 35.0, FALSE),    -- 参与挑战39，进行中
(8, 40, '2026-01-03 13:30:00', 140.0, FALSE),   -- 参与挑战40，进行中
(8, 41, '2025-06-04 09:05:00', 20.0, FALSE),    -- 参与挑战41，进行中
(8, 42, '2025-11-03 11:50:00', 1500.0, TRUE),   -- 参与挑战42，已完成
(8, 43, '2025-12-03 14:20:00', 4.0, FALSE),     -- 参与挑战43，进行中
(8, 44, '2026-01-03 16:35:00', 40.0, FALSE),    -- 参与挑战44，进行中
(8, 46, '2025-07-03 10:15:00', 15.0, FALSE),    -- 参与挑战46，进行中

-- 用户9（20条，挑战ID覆盖10-15, 16-20, 41-45, 46-50, 1-5部分）
(9, 10, '2025-07-18 11:10:00', 210.0, FALSE),   -- 参与挑战10，进行中
(9, 11, '2025-02-18 08:30:00', 50.0, FALSE),    -- 参与挑战11，进行中
(9, 12, '2025-03-23 14:45:00', 2500.0, FALSE),  -- 参与挑战12，进行中
(9, 13, '2025-05-23 10:05:00', 5.0, TRUE),      -- 参与挑战13，已完成
(9, 14, '2025-08-13 16:20:00', 55.0, FALSE),    -- 参与挑战14，进行中
(9, 15, '2025-10-13 09:15:00', 180.0, FALSE),   -- 参与挑战15，进行中
(9, 16, '2025-03-13 15:40:00', 40.0, FALSE),    -- 参与挑战16，进行中
(9, 17, '2025-08-18 11:50:00', 5000.0, TRUE),   -- 参与挑战17，已完成
(9, 18, '2025-10-18 13:25:00', 4.0, FALSE),     -- 参与挑战18，进行中
(9, 19, '2025-12-13 16:10:00', 60.0, TRUE),     -- 参与挑战19，已完成
(9, 41, '2025-06-05 14:30:00', 30.0, FALSE),    -- 参与挑战41，进行中
(9, 42, '2025-11-04 09:10:00', 2000.0, FALSE),  -- 参与挑战42，进行中
(9, 43, '2025-12-04 13:40:00', 3.0, FALSE),     -- 参与挑战43，进行中
(9, 44, '2026-01-04 15:55:00', 45.0, FALSE),    -- 参与挑战44，进行中
(9, 45, '2025-12-04 10:20:00', 220.0, FALSE),   -- 参与挑战45，进行中
(9, 46, '2025-07-04 16:15:00', 25.0, FALSE),    -- 参与挑战46，进行中
(9, 47, '2025-09-04 11:30:00', 3000.0, FALSE),  -- 参与挑战47，进行中
(9, 48, '2025-11-04 14:05:00', 4.0, TRUE),      -- 参与挑战48，已完成
(9, 49, '2025-12-14 09:25:00', 50.0, FALSE),    -- 参与挑战49，进行中
(9, 50, '2025-01-14 13:45:00', 130.0, FALSE),   -- 参与挑战50，进行中

-- 用户10（20条，挑战ID覆盖15-20, 21-25, 26-30, 46-50, 1-5部分）
(10, 15, '2025-10-14 16:20:00', 90.0, FALSE),   -- 参与挑战15，进行中
(10, 16, '2025-03-14 08:45:00', 20.0, FALSE),   -- 参与挑战16，进行中
(10, 17, '2025-08-19 15:35:00', 2500.0, TRUE),  -- 参与挑战17，已完成
(10, 18, '2025-10-19 11:55:00', 3.0, FALSE),    -- 参与挑战18，进行中
(10, 19, '2025-12-14 09:10:00', 45.0, FALSE),   -- 参与挑战19，进行中
(10, 20, '2025-01-14 13:40:00', 110.0, FALSE),  -- 参与挑战20，进行中
(10, 21, '2025-02-20 10:30:00', 35.0, FALSE),   -- 参与挑战21，进行中
(10, 22, '2025-05-20 14:15:00', 1800.0, FALSE), -- 参与挑战22，进行中
(10, 23, '2025-07-20 16:45:00', 4.0, FALSE),    -- 参与挑战23，进行中
(10, 24, '2025-10-20 09:20:00', 40.0, FALSE),   -- 参与挑战24，进行中
(10, 25, '2025-01-20 11:25:00', 120.0, FALSE),  -- 参与挑战25，进行中
(10, 26, '2025-03-20 14:40:00', 25.0, FALSE),   -- 参与挑战26，进行中
(10, 27, '2025-08-20 09:55:00', 2000.0, FALSE), -- 参与挑战27，进行中
(10, 28, '2025-12-20 13:10:00', 3.0, FALSE),    -- 参与挑战28，进行中
(10, 29, '2026-01-09 16:35:00', 35.0, FALSE),   -- 参与挑战29，进行中
(10, 46, '2025-07-05 08:50:00', 30.0, FALSE),   -- 参与挑战46，进行中
(10, 47, '2025-09-05 11:15:00', 2500.0, FALSE), -- 参与挑战47，进行中
(10, 48, '2025-11-05 14:30:00', 5.0, TRUE),     -- 参与挑战48，已完成
(10, 49, '2025-12-15 09:45:00', 40.0, FALSE),   -- 参与挑战49，进行中
(10, 50, '2025-01-15 13:20:00', 100.0, FALSE);  -- 参与挑战50，进行中


-- 创建测试健身房
INSERT INTO gyms ( name, open_time, address)
VALUES
('超级猩猩健身', '06:00:00-23:00:00', '上海市静安区南京西路1788号CITIC广场4楼'),
('乐刻健身', '07:00:00-23:30:00', '北京市朝阳区建国路88号SOHO现代城B座2层'),
( '威尔士健身', '06:30:00-22:30:00', '广州市天河区天河路385号太古汇商场3楼'),
('超级猩猩健身(徐家汇店)', '06:00:00-23:00:00', '上海市徐汇区虹桥路3号港汇广场6楼'),
( '乐刻健身(望京店)', '07:00:00-23:30:00', '北京市朝阳区望京SOHO T1 C座3层'),
( '威尔士健身(珠江新城店)', '06:30:00-22:30:00', '广州市天河区珠江新城冼村路8号方圆大厦2楼'),
( '金吉鸟健身', '07:00:00-22:00:00', '上海市浦东新区张杨路560号中融恒瑞国际大厦2楼'),
( '浩沙健身', '06:00:00-23:00:00', '北京市海淀区中关村大街19号新中关大厦B1层'),
('美力健身', '08:00:00-22:00:00', '广州市海珠区江南大道中100号百业广场5楼'),
( 'Anytime Fitness', '24小时营业', '上海市长宁区长宁路1018号龙之梦购物中心4楼');

-- 创建测试课程
-- 注意：需要确保gym_id存在，这里假设上面插入的健身房ID为1、2、3等
INSERT INTO gym_courses (gym_id, course_name, coach_name, start_time, end_time, capacity, current_reservations)
VALUES
(1, 'X-HIIT燃脂训练', '陈思明(国际健身教练认证)', DATE_ADD(NOW(), INTERVAL 1 DAY), DATE_ADD(NOW(), INTERVAL 1 DAY) + INTERVAL 1 HOUR, 20, 0),
(1, '功能性力量训练', '王健(ACE认证私教)', DATE_ADD(NOW(), INTERVAL 2 DAY), DATE_ADD(NOW(), INTERVAL 2 DAY) + INTERVAL 1 HOUR, 15, 0),
(2, 'LessMills搏击操', '李强(Les Mills国际认证教练)', DATE_ADD(NOW(), INTERVAL 1 DAY), DATE_ADD(NOW(), INTERVAL 1 DAY) + INTERVAL 1 HOUR, 25, 0),
(2, '高级普拉提', '赵雅婷(STOTT PILATES认证导师)', DATE_ADD(NOW(), INTERVAL 3 DAY), DATE_ADD(NOW(), INTERVAL 3 DAY) + INTERVAL 1 HOUR, 10, 0),
(3, 'UFC格斗体验课', '刘勇(UFC认证搏击教练)', DATE_ADD(NOW(), INTERVAL 2 DAY), DATE_ADD(NOW(), INTERVAL 2 DAY) + INTERVAL 1 HOUR, 15, 0),
(1, '瑜伽基础课', '张丽(国际瑜伽联盟认证教练)', DATE_ADD(NOW(), INTERVAL 3 DAY), DATE_ADD(NOW(), INTERVAL 3 DAY) + INTERVAL 1 HOUR, 15, 0),
(3, '动感单车', '李明(SPINNING认证教练)', DATE_ADD(NOW(), INTERVAL 1 DAY), DATE_ADD(NOW(), INTERVAL 1 DAY) + INTERVAL 1 HOUR, 20, 0),
(4, '高强度间歇训练', '王刚(CrossFit L2认证教练)', DATE_ADD(NOW(), INTERVAL 2 DAY), DATE_ADD(NOW(), INTERVAL 2 DAY) + INTERVAL 1 HOUR, 12, 0),
(4, '普拉提入门', '刘芳(BASI认证教练)', DATE_ADD(NOW(), INTERVAL 1 DAY), DATE_ADD(NOW(), INTERVAL 1 DAY) + INTERVAL 1 HOUR, 15, 0),
(5, '力量训练', '张强(NSCA-CSCS认证教练)', DATE_ADD(NOW(), INTERVAL 3 DAY), DATE_ADD(NOW(), INTERVAL 3 DAY) + INTERVAL 1 HOUR, 10, 0),
(5, '瑜伽进阶', '王莉(RYT500认证教练)', DATE_ADD(NOW(), INTERVAL 2 DAY), DATE_ADD(NOW(), INTERVAL 2 DAY) + INTERVAL 1 HOUR, 12, 0),
(6, '搏击训练', '李刚(WBA认证教练)', DATE_ADD(NOW(), INTERVAL 1 DAY), DATE_ADD(NOW(), INTERVAL 1 DAY) + INTERVAL 1 HOUR, 15, 0),
(6, '舞蹈有氧', '陈丽(AFAA认证教练)', DATE_ADD(NOW(), INTERVAL 3 DAY), DATE_ADD(NOW(), INTERVAL 3 DAY) + INTERVAL 1 HOUR, 20, 0),
(7, '核心训练', '王鹏(NASM认证教练)', DATE_ADD(NOW(), INTERVAL 2 DAY), DATE_ADD(NOW(), INTERVAL 2 DAY) + INTERVAL 1 HOUR, 15, 0),
(7, '拳击体验', '张勇(IBF认证教练)', DATE_ADD(NOW(), INTERVAL 1 DAY), DATE_ADD(NOW(), INTERVAL 1 DAY) + INTERVAL 1 HOUR, 12, 0),
(8, '瑜伽冥想', '李静(IYF认证教练)', DATE_ADD(NOW(), INTERVAL 3 DAY), DATE_ADD(NOW(), INTERVAL 3 DAY) + INTERVAL 1 HOUR, 10, 0),
(8, '功能性训练', '张伟(ACSM认证教练)', DATE_ADD(NOW(), INTERVAL 2 DAY), DATE_ADD(NOW(), INTERVAL 2 DAY) + INTERVAL 1 HOUR, 15, 0),
(9, '普拉提进阶', '王芳(PMA认证教练)', DATE_ADD(NOW(), INTERVAL 1 DAY), DATE_ADD(NOW(), INTERVAL 1 DAY) + INTERVAL 1 HOUR, 12, 0),
(9, '有氧搏击', '李勇(ISKA认证教练)', DATE_ADD(NOW(), INTERVAL 3 DAY), DATE_ADD(NOW(), INTERVAL 3 DAY) + INTERVAL 1 HOUR, 20, 0),
(10, '24小时私教课', '张教练(IFBB认证教练)', DATE_ADD(NOW(), INTERVAL 2 DAY), DATE_ADD(NOW(), INTERVAL 2 DAY) + INTERVAL 1 HOUR, 1, 0);

-- 创建测试课程预约
-- 注意：需要确保user_id和course_id存在
INSERT INTO course_reservations (user_id, course_id, reservation_time, status)
VALUES
(1, 1, NOW(), 'confirmed'),
(1, 3, NOW(), 'confirmed'),
(2, 2, NOW(), 'confirmed'),
(2, 4, NOW(), 'confirmed'),
(3, 5, NOW(), 'confirmed'),
(4, 6, NOW(), 'confirmed'),
(4, 8, NOW(), 'confirmed'),
(5, 7, NOW(), 'confirmed'),
(5, 9, NOW(), 'confirmed'),
(6, 10, NOW(), 'confirmed'),
(6, 12, NOW(), 'confirmed'),
(7, 11, NOW(), 'confirmed'),
(7, 13, NOW(), 'confirmed'),
(8, 14, NOW(), 'confirmed'),
(8, 16, NOW(), 'confirmed'),
(9, 15, NOW(), 'confirmed'),
(9, 17, NOW(), 'confirmed'),
(10, 18, NOW(), 'confirmed'),
(10, 20, NOW(), 'confirmed'),
(1, 19, NOW(), 'confirmed'),
(2, 6, NOW(), 'confirmed'),
(3, 7, NOW(), 'confirmed'),
(4, 10, NOW(), 'confirmed'),
(5, 11, NOW(), 'confirmed'),
(1, 6, DATE_ADD(NOW(), INTERVAL -1 DAY), 'cancelled'),
(2, 7, DATE_ADD(NOW(), INTERVAL -2 DAY), 'cancelled');

-- 更新课程当前预约人数
UPDATE gym_courses SET current_reservations = 1 WHERE id IN (1, 2, 3, 4, 5, 6, 7, 8, 9, 10, 11, 12, 13, 14, 15, 16, 17, 18, 19, 20);
UPDATE gym_courses SET current_reservations = 2 WHERE id IN (6, 7, 10, 11);

-- 创建测试健身房预约
-- 注意：需要确保user_id和gym_id存在
INSERT INTO gym_reservations (user_id, gym_id, reservation_date, start_time, end_time, status)
VALUES
(1, 1, NOW(), DATE_ADD(NOW(), INTERVAL 1 HOUR), DATE_ADD(NOW(), INTERVAL 2 HOUR), 'confirmed'),
(1, 2, DATE_ADD(NOW(), INTERVAL 1 DAY), DATE_ADD(NOW(), INTERVAL 1 DAY) + INTERVAL 1 HOUR, DATE_ADD(NOW(), INTERVAL 1 DAY) + INTERVAL 2 HOUR, 'confirmed'),
(2, 2, NOW(), DATE_ADD(NOW(), INTERVAL 2 HOUR), DATE_ADD(NOW(), INTERVAL 3 HOUR), 'confirmed'),
(3, 3, NOW(), DATE_ADD(NOW(), INTERVAL 1 HOUR), DATE_ADD(NOW(), INTERVAL 3 HOUR), 'confirmed'),
(4, 4, NOW(), DATE_ADD(NOW(), INTERVAL 2 HOUR), DATE_ADD(NOW(), INTERVAL 4 HOUR), 'confirmed'),
(4, 5, DATE_ADD(NOW(), INTERVAL 1 DAY), DATE_ADD(NOW(), INTERVAL 1 DAY) + INTERVAL 2 HOUR, DATE_ADD(NOW(), INTERVAL 1 DAY) + INTERVAL 3 HOUR, 'confirmed'),
(5, 5, NOW(), DATE_ADD(NOW(), INTERVAL 1 HOUR), DATE_ADD(NOW(), INTERVAL 2 HOUR), 'confirmed'),
(5, 6, DATE_ADD(NOW(), INTERVAL 2 DAY), DATE_ADD(NOW(), INTERVAL 2 DAY) + INTERVAL 1 HOUR, DATE_ADD(NOW(), INTERVAL 2 DAY) + INTERVAL 3 HOUR, 'confirmed'),
(6, 6, NOW(), DATE_ADD(NOW(), INTERVAL 3 HOUR), DATE_ADD(NOW(), INTERVAL 4 HOUR), 'confirmed'),
(6, 7, DATE_ADD(NOW(), INTERVAL 1 DAY), DATE_ADD(NOW(), INTERVAL 1 DAY) + INTERVAL 2 HOUR, DATE_ADD(NOW(), INTERVAL 1 DAY) + INTERVAL 4 HOUR, 'confirmed'),
(7, 7, NOW(), DATE_ADD(NOW(), INTERVAL 2 HOUR), DATE_ADD(NOW(), INTERVAL 3 HOUR), 'confirmed'),
(7, 8, DATE_ADD(NOW(), INTERVAL 3 DAY), DATE_ADD(NOW(), INTERVAL 3 DAY) + INTERVAL 1 HOUR, DATE_ADD(NOW(), INTERVAL 3 DAY) + INTERVAL 2 HOUR, 'confirmed'),
(8, 8, NOW(), DATE_ADD(NOW(), INTERVAL 1 HOUR), DATE_ADD(NOW(), INTERVAL 3 HOUR), 'confirmed'),
(8, 9, DATE_ADD(NOW(), INTERVAL 2 DAY), DATE_ADD(NOW(), INTERVAL 2 DAY) + INTERVAL 2 HOUR, DATE_ADD(NOW(), INTERVAL 2 DAY) + INTERVAL 4 HOUR, 'confirmed'),
(9, 9, NOW(), DATE_ADD(NOW(), INTERVAL 2 HOUR), DATE_ADD(NOW(), INTERVAL 4 HOUR), 'confirmed'),
(9, 10, DATE_ADD(NOW(), INTERVAL 1 DAY), DATE_ADD(NOW(), INTERVAL 1 DAY) + INTERVAL 1 HOUR, DATE_ADD(NOW(), INTERVAL 1 DAY) + INTERVAL 3 HOUR, 'confirmed'),
(10, 10, NOW(), DATE_ADD(NOW(), INTERVAL 3 HOUR), DATE_ADD(NOW(), INTERVAL 5 HOUR), 'confirmed'),
(10, 1, DATE_ADD(NOW(), INTERVAL 2 DAY), DATE_ADD(NOW(), INTERVAL 2 DAY) + INTERVAL 2 HOUR, DATE_ADD(NOW(), INTERVAL 2 DAY) + INTERVAL 3 HOUR, 'confirmed'),
(1, 3, DATE_ADD(NOW(), INTERVAL -1 DAY), DATE_ADD(NOW(), INTERVAL -1 DAY) + INTERVAL 1 HOUR, DATE_ADD(NOW(), INTERVAL -1 DAY) + INTERVAL 2 HOUR, 'cancelled'),
(2, 4, DATE_ADD(NOW(), INTERVAL -2 DAY), DATE_ADD(NOW(), INTERVAL -2 DAY) + INTERVAL 2 HOUR, DATE_ADD(NOW(), INTERVAL -2 DAY) + INTERVAL 3 HOUR, 'cancelled');
#
/* -----------------------------------------------------------
   Posts  帖子
   ----------------------------------------------------------- */
INSERT INTO posts
(id, user_id, content, image_url, created_at, likes_count, comments_count)
VALUES
(1, 1, '早晨 5 公里跑步，感觉棒极了！',
        'https://cdn.example.com/run01.jpg',
        NOW(), 3, 2),

(2, 2, '第一次尝试 HIIT 课程，超累但超爽🔥',
        NULL,
        NOW(), 2, 1),

(3, 3, '瑜伽练习分享，放松又开心🧘',
        'https://cdn.example.com/yoga01.jpg',
        NOW(), 2, 1),

(4, 4, '力量训练日！增加了一组卧推💪',
        NULL,
        NOW(), 1, 1),

(5, 5, '动感单车 45 分钟，汗水飞起🚴',
        'https://cdn.example.com/spin01.jpg',
        NOW(), 1, 1);

/* -----------------------------------------------------------
   Comments  评论
   ----------------------------------------------------------- */
INSERT INTO comments
(id, user_id, post_id, content, created_at)
VALUES
(1,  2, 1, '太厉害了，坚持！',           NOW()),
(2,  3, 1, '向你学习～',               NOW()),
(3,  1, 2, 'HIIT 燃起来！加油！',      NOW()),
(4,  4, 3, '瑜伽看起来很舒服👍',       NOW()),
(5,  5, 4, '卧推重量多少呀？',         NOW()),
(6,  6, 5, '动感单车好有趣，下次一起！',NOW());

/* -----------------------------------------------------------
   Likes  点赞
   ----------------------------------------------------------- */
INSERT INTO likes
(id, user_id, post_id, created_at)
VALUES
(1, 2, 1, NOW()),
(2, 3, 1, NOW()),
(3, 4, 1, NOW()),
(4, 1, 2, NOW()),
(5, 3, 2, NOW()),
(6, 5, 3, NOW()),
(7, 1, 3, NOW()),
(8, 2, 4, NOW()),
(9, 6, 5, NOW());